RegionID,RegionName,State,Metro,CountyName,SizeRank,latitude,longitude,name,desc,color
6181,New York,NY,New York-Newark-Jersey City,Queens County,1,40.730646,-73.986614,"New York, NY","New York City, NY, US",
12447,Los Angeles,CA,Los Angeles-Long Beach-Anaheim,Los Angeles County,2,34.054935,-118.244476,"Los Angeles, CA","Los Angeles, Los Angeles County, CA, US",
39051,Houston,TX,Houston-The Woodlands-Sugar Land,Harris County,3,29.758938,-95.367697,"Houston, TX","Houston, Harris County, TX, US",
17426,Chicago,IL,Chicago-Naperville-Elgin,Cook County,4,41.875555,-87.624421,"Chicago, IL","Chicago, Cook County, IL, US",
6915,San Antonio,TX,San Antonio-New Braunfels,Bexar County,5,29.4246,-98.49514,"San Antonio, TX","San Antonio, Bexar County, TX, US",
13271,Philadelphia,PA,Philadelphia-Camden-Wilmington,Philadelphia County,6,39.952399,-75.16359,"Philadelphia, PA","Philadelphia, Philadelphia County, PA, US",
40326,Phoenix,AZ,Phoenix-Mesa-Scottsdale,Maricopa County,7,33.448587,-112.077346,"Phoenix, AZ","Phoenix, Maricopa County, AZ, US",
18959,Las Vegas,NV,Las Vegas-Henderson-Paradise,Clark County,8,36.166286,-115.149225,"Las Vegas, NV","Las Vegas, Clark County, NV, US",
54296,San Diego,CA,San Diego-Carlsbad,San Diego County,9,32.717421,-117.162771,"San Diego, CA","San Diego, San Diego County, CA, US",
38128,Dallas,TX,Dallas-Fort Worth-Arlington,Dallas County,10,32.776272,-96.796856,"Dallas, TX","Dallas, Dallas County, TX, US",
10221,Austin,TX,Austin-Round Rock,Travis County,11,30.271129,-97.743699,"Austin, TX","Austin, Travis County, TX, US",
33839,San Jose,CA,San Jose-Sunnyvale-Santa Clara,Santa Clara County,12,37.336191,-121.890583,"San Jose, CA","San José, Santa Clara County, CA, US",
25290,Jacksonville,FL,Jacksonville,Duval County,13,30.332184,-81.655651,"Jacksonville, FL","Jacksonville, Duval County, FL, US",
32149,Indianapolis,IN,Indianapolis-Carmel-Anderson,Marion County,14,39.768333,-86.15835,"Indianapolis, IN","Indianapolis, Marion County, IN, US",
20330,San Francisco,CA,San Francisco-Oakland-Hayward,San Francisco County,15,45.442354,-73.437309,"San Francisco, CA","9405 Boulevard Leduc, Brossard, Longueuil, QC, CA",
24043,Charlotte,NC,Charlotte-Concord-Gastonia,Mecklenburg County,16,35.227087,-80.843127,"Charlotte, NC","Charlotte, Mecklenburg County, NC, US",
18172,Fort Worth,TX,Dallas-Fort Worth-Arlington,Tarrant County,17,32.753177,-97.332746,"Fort Worth, TX","Fort Worth, Tarrant County, TX, US",
7481,Tucson,AZ,Tucson,Pima County,18,32.221892,-110.926235,"Tucson, AZ","Tucson, Pima County, AZ, US",
10920,Columbus,OH,Columbus,Franklin County,19,39.96226,-83.000706,"Columbus, OH","Columbus, Franklin County, OH, US",
12455,Louisville,KY,Louisville/Jefferson County,Jefferson County,20,38.254238,-85.759407,"Louisville, KY","Louisville, Jefferson County, KY, US",
13121,Orlando,FL,Orlando-Kissimmee-Sanford,Orange County,21,28.54211,-81.379039,"Orlando, FL","Orlando, Orange County, FL, US",
17933,El Paso,TX,El Paso,El Paso County,22,31.760037,-106.487287,"El Paso, TX","El Paso, El Paso County, TX, US",
11093,Denver,CO,Denver-Aurora-Lakewood,Denver County,23,39.739154,-104.984703,"Denver, CO","Denver, Denver County, CO, US",
16037,Seattle,WA,Seattle-Tacoma-Bellevue,King County,24,47.603832,-122.330062,"Seattle, WA","Seattle, King County, WA, US",
32811,Memphis,TN,Memphis,Shelby County,25,35.149022,-90.051628,"Memphis, TN","Memphis, Shelby County, TN, US",
44269,Boston,MA,Boston-Cambridge-Newton,Suffolk County,26,42.360253,-71.058291,"Boston, MA","Boston, Suffolk County, MA, US",
41568,Washington,DC,Washington-Arlington-Alexandria,District of Columbia,27,38.894955,-77.036646,"Washington, DC","Washington, District of Columbia, US",
13373,Portland,OR,Portland-Vancouver-Hillsboro,Multnomah County,28,45.520247,-122.674195,"Portland, OR","Portland, Multnomah County, OR, US",
6118,Nashville,TN,Nashville-Davidson--Murfreesboro--Franklin,Davidson County,29,36.16223,-86.774353,"Nashville, TN","Nashville, Davidson County, TN, US",
20288,Sacramento,CA,Sacramento--Roseville--Arden-Arcade,Sacramento County,30,38.581572,-121.4944,"Sacramento, CA","Sacramento, Sacramento County, CA, US",
3523,Baltimore,MD,Baltimore-Columbia-Towson,Baltimore City,31,39.290882,-76.610759,"Baltimore, MD","Baltimore, MD, US",
5976,Milwaukee,WI,Milwaukee-Waukesha-West Allis,Milwaukee County,32,43.034993,-87.922497,"Milwaukee, WI","Milwaukee, Milwaukee County, WI, US",
18203,Fresno,CA,Fresno,Fresno County,33,36.739442,-119.784831,"Fresno, CA","Fresno, Fresno County, CA, US",
40152,Omaha,NE,Omaha-Council Bluffs,Douglas County,34,41.258732,-95.937873,"Omaha, NE","Omaha, Douglas County, NE, US",
23429,Albuquerque,NM,Albuquerque,Bernalillo County,35,35.084103,-106.650985,"Albuquerque, NM","Albuquerque, Bernalillo County, NM, US",
33225,Oklahoma City,OK,Oklahoma City,Oklahoma County,36,35.472989,-97.517054,"Oklahoma City, OK","Oklahoma City, Oklahoma County, OK, US",
54047,Raleigh,NC,Raleigh,Wake County,37,35.780398,-78.639099,"Raleigh, NC","Raleigh, Wake County, NC, US",
19331,Mesa,AZ,Phoenix-Mesa-Scottsdale,Maricopa County,38,34.270015,-114.082445,"Mesa, AZ","La Paz County, AZ, US",
12700,Miami,FL,Miami-Fort Lauderdale-West Palm Beach,Miami-Dade County,39,25.774266,-80.193659,"Miami, FL","Miami, Miami-Dade County, FL, US",
37211,Atlanta,GA,Atlanta-Sandy Springs-Roswell,Fulton County,40,33.749099,-84.390185,"Atlanta, GA","Atlanta, Fulton County, GA, US",
18795,Kansas City,MO,Kansas City,Jackson County,41,39.100105,-94.578142,"Kansas City, MO","Kansas City, Jackson County, MO, US",
4172,Colorado Springs,CO,Colorado Springs,El Paso County,42,38.833958,-104.825348,"Colorado Springs, CO","Colorado Springs, El Paso County, CO, US",
46298,Long Beach,CA,Los Angeles-Long Beach-Anaheim,Los Angeles County,43,44.456771,-78.73597,"Long Beach, CA","Long Beach, Kawartha Lakes, ON, CA",
41515,Virginia Beach,VA,Virginia Beach-Norfolk-Newport News,Virginia Beach City,44,36.795303,-76.050925,"Virginia Beach, VA","Virginia Beach, Virginia Beach, VA, US",
13072,Oakland,CA,San Francisco-Oakland-Hayward,Alameda County,45,43.031749,-80.331071,"Oakland, CA","Oakland, ON, CA",
20859,Tulsa,OK,Tulsa,Tulsa County,46,36.155681,-95.992911,"Tulsa, OK","Tulsa, Tulsa County, OK, US",
5983,Minneapolis,MN,Minneapolis-St. Paul-Bloomington,Hennepin County,47,44.9773,-93.265469,"Minneapolis, MN","Minneapolis, Hennepin County, MN, US",
18615,Honolulu,HI,Urban Honolulu,Honolulu County,48,21.304547,-157.855676,"Honolulu, HI","Honolulu, Honolulu County, HI, US",
24115,Cleveland,OH,Cleveland-Elyria,Cuyahoga County,49,41.505161,-81.693445,"Cleveland, OH","Cleveland, Cuyahoga County, OH, US",
19594,New Orleans,LA,New Orleans-Metairie,Orleans Parish,50,-33.714995,18.990277,"New Orleans, LA","Drakenstein Local Municipality, Cape Winelands District Municipality, Western Cape, ZA",
50763,Arlington,TX,Dallas-Fort Worth-Arlington,Tarrant County,51,32.701939,-97.105715,"Arlington, TX","Arlington, Tarrant County, TX, US",
25428,Knoxville,TN,Knoxville,Knox County,52,35.960395,-83.921026,"Knoxville, TN","Knoxville, Knox County, TN, US",
44055,Baton Rouge,LA,Baton Rouge,East Baton Rouge Parish,53,30.44596,-91.18738,"Baton Rouge, LA","Baton Rouge, East Baton Rouge Parish, LA, US",
7929,Wichita,KS,Wichita,Sedgwick County,54,37.692236,-97.337545,"Wichita, KS","Wichita, Sedgwick County, KS, US",
41176,Tampa,FL,Tampa-St. Petersburg-Clearwater,Hillsborough County,55,27.94776,-82.458444,"Tampa, FL","Tampa, Hillsborough County, FL, US",
16846,Aurora,CO,Denver-Aurora-Lakewood,Arapahoe County,56,39.729432,-104.83192,"Aurora, CO","Aurora, Arapahoe County, CO, US",
47401,Riverside,CA,Riverside-San Bernardino-Ontario,Riverside County,57,49.122193,-122.297151,"Riverside, CA","Abbotsford, Fraser Valley Regional District, BC, CA",
3506,Bakersfield,CA,Bakersfield,Kern County,58,35.373871,-119.019464,"Bakersfield, CA","Bakersfield, Kern County, CA, US",
4099,Cincinnati,OH,Cincinnati,Hamilton County,59,39.101454,-84.51246,"Cincinnati, OH","Cincinnati, Hamilton County, OH, US",
26529,Pittsburgh,PA,Pittsburgh,Allegheny County,60,40.441694,-79.990086,"Pittsburgh, PA","Pittsburgh, Allegheny County, PA, US",
16764,Anaheim,CA,Los Angeles-Long Beach-Anaheim,Orange County,61,33.834752,-117.911732,"Anaheim, CA","Anaheim, Orange County, CA, US",
47568,Santa Ana,CA,Los Angeles-Long Beach-Anaheim,Orange County,62,33.749495,-117.873221,"Santa Ana, CA","Santa Ana, Orange County, CA, US",
4174,Columbia,SC,Columbia,Richland County,63,34.000749,-81.034331,"Columbia, SC","Columbia, Richland County, SC, US",
32172,Town of Islip,NY,New York-Newark-Jersey City,Suffolk County,64,39.78373,-100.445882,"Town of Islip, NY",US,
12562,Marietta,GA,Atlanta-Sandy Springs-Roswell,Cobb County,65,33.952847,-84.549615,"Marietta, GA","Marietta, Cobb County, GA, US",
48215,Vancouver,WA,Portland-Vancouver-Hillsboro,Clark County,66,45.630695,-122.674456,"Vancouver, WA","Vancouver, Clark County, WA, US",
38025,Corpus Christi,TX,Corpus Christi,Nueces County,67,27.800254,-97.395574,"Corpus Christi, TX","Corpus Christi, Nueces County, TX, US",
6891,Saint Louis,MO,St. Louis,Saint Louis City,68,38.633772,-90.241655,"Saint Louis, MO","St. Louis, City of St. Louis, MO, US",
11722,Greensboro,NC,Greensboro-High Point,Guilford County,69,36.072636,-79.791975,"Greensboro, NC","Greensboro, Guilford County, NC, US",
25574,Lexington,KY,Lexington-Fayette,Fayette County,70,38.046407,-84.497039,"Lexington, KY","Lexington, Fayette County, KY, US",
18170,Fort Wayne,IN,Fort Wayne,Allen County,71,41.07999,-85.138601,"Fort Wayne, IN","Fort Wayne, Allen County, IN, US",
7081,Silver Spring,MD,Washington-Arlington-Alexandria,Montgomery County,72,38.995908,-77.028892,"Silver Spring, MD","Silver Spring, Montgomery County, MD, US",
34303,Toledo,OH,Toledo,Lucas County,73,41.678675,-83.512728,"Toledo, OH","Toledo, Lucas County, OH, US",
23482,Anchorage,AK,Anchorage,Anchorage Borough,74,61.216313,-149.894852,"Anchorage, AK","Anchorage, Anchorage, AK, US",
20313,Saint Paul,MN,Minneapolis-St. Paul-Bloomington,Ramsey County,75,44.950404,-93.101503,"Saint Paul, MN","Saint Paul, Ramsey County, MN, US",
19533,Naples,FL,Naples-Immokalee-Marco Island,Collier County,76,26.142036,-81.79481,"Naples, FL","Naples, Collier County, FL, US",
24457,Durham,NC,Durham-Chapel Hill,Durham County,77,35.996653,-78.901805,"Durham, NC","Durham, Durham County, NC, US",
47945,Tallahassee,FL,Tallahassee,Leon County,78,30.438083,-84.280933,"Tallahassee, FL","Tallahassee, Leon County, FL, US",
7266,Stockton,CA,Stockton-Lodi,San Joaquin County,79,49.583333,-99.45,"Stockton, CA","Stockton, MB, CA",
53915,Plano,TX,Dallas-Fort Worth-Arlington,Collin County,80,33.013676,-96.69251,"Plano, TX","Plano, Collin County, TX, US",
12970,Newark,NJ,New York-Newark-Jersey City,Essex County,81,40.735657,-74.172367,"Newark, NJ","Newark, Essex County, NJ, US",
11867,Henderson,NV,Las Vegas-Henderson-Paradise,Clark County,82,36.039146,-114.981923,"Henderson, NV","Henderson, Clark County, NV, US",
32503,Lincoln,NE,Lincoln,Lancaster County,83,40.8,-96.667821,"Lincoln, NE","Lincoln, Lancaster County, NE, US",
25934,Modesto,CA,Modesto,Stanislaus County,84,37.639097,-120.996878,"Modesto, CA","Modesto, Stanislaus County, CA, US",
13478,Reno,NV,Reno,Washoe County,85,39.52927,-119.813674,"Reno, NV","Reno, Washoe County, NV, US",
20604,Spokane,WA,Spokane-Spokane Valley,Spokane County,86,47.657943,-117.421226,"Spokane, WA","Spokane, Spokane County, WA, US",
17384,Chandler,AZ,Phoenix-Mesa-Scottsdale,Maricopa County,87,33.306713,-111.840849,"Chandler, AZ","Chandler, Maricopa County, AZ, US",
53060,Lubbock,TX,Lubbock,Lubbock County,88,33.577863,-101.855166,"Lubbock, TX","Lubbock, Lubbock County, TX, US",
25320,Jersey City,NJ,New York-Newark-Jersey City,Hudson County,89,40.728158,-74.077642,"Jersey City, NJ","Jersey City, Hudson County, NJ, US",
17222,Buffalo,NY,Buffalo-Cheektowaga-Niagara Falls,Erie County,90,42.886717,-78.878392,"Buffalo, NY","Buffalo, Erie County, NY, US",
32900,Mobile,AL,Mobile,Mobile County,91,30.694357,-88.043054,"Mobile, AL","Mobile, Mobile County, AL, US",
25104,Hialeah,FL,Miami-Fort Lauderdale-West Palm Beach,Miami-Dade County,92,25.857596,-80.278106,"Hialeah, FL","Hialeah, Miami-Dade County, FL, US",
20328,San Bernardino,CA,Riverside-San Bernardino-Ontario,San Bernardino County,93,34.108345,-117.289765,"San Bernardino, CA","San Bernardino, San Bernardino County, CA, US",
51405,Chula Vista,CA,San Diego-Carlsbad,San Diego County,94,32.640054,-117.084195,"Chula Vista, CA","Chula Vista, San Diego County, CA, US",
26922,Saint Petersburg,FL,Tampa-St. Petersburg-Clearwater,Pinellas County,95,27.77038,-82.669508,"Saint Petersburg, FL","Saint Petersburg, Pinellas County, FL, US",
53856,Pensacola,FL,Pensacola-Ferry Pass-Brent,Escambia County,96,30.421309,-87.216915,"Pensacola, FL","Pensacola, Escambia County, FL, US",
5573,Lawrenceville,GA,Atlanta-Sandy Springs-Roswell,Gwinnett County,97,33.956215,-83.987962,"Lawrenceville, GA","Lawrenceville, Gwinnett County, GA, US",
398849,Madison,WI,Madison,Dane County,98,43.074761,-89.383761,"Madison, WI","Madison, Dane County, WI, US",
41760,Winston-Salem,NC,Winston-Salem,Forsyth County,99,36.099813,-80.244052,"Winston-Salem, NC","Winston-Salem, Forsyth County, NC, US",
6210,Norfolk,VA,Virginia Beach-Norfolk-Newport News,Norfolk City,100,36.888993,-76.248162,"Norfolk, VA","Norfolk, Norfolk, VA, US",
18298,Glendale,AZ,Phoenix-Mesa-Scottsdale,Maricopa County,101,33.558997,-112.404683,"Glendale, AZ","Glendale, Maricopa County, AZ, US",
54346,Scottsdale,AZ,Phoenix-Mesa-Scottsdale,Maricopa County,102,33.509122,-111.899236,"Scottsdale, AZ","Scottsdale, Maricopa County, AZ, US",
52001,Fayetteville,NC,Fayetteville,Cumberland County,103,35.052576,-78.878292,"Fayetteville, NC","Fayetteville, Cumberland County, NC, US",
3737,Boise,ID,Boise City,Ada County,104,43.61656,-116.200835,"Boise, ID","Boise, Ada County, ID, US",
52650,Irvine,CA,Los Angeles-Long Beach-Anaheim,Orange County,105,49.958444,-110.273261,"Irvine, CA","Irvine, Cypress County, AB, CA",
52893,Laredo,TX,Laredo,Webb County,106,27.506099,-99.508898,"Laredo, TX","Laredo, Webb County, TX, US",
20362,Sarasota,FL,North Port-Sarasota-Bradenton,Sarasota County,107,27.336435,-82.530653,"Sarasota, FL","Sarasota, Sarasota County, FL, US",
44564,Chesapeake,VA,Virginia Beach-Norfolk-Newport News,Chesapeake City,108,36.718371,-76.24668,"Chesapeake, VA","Chesapeake City, VA, US",
31614,Fort Myers,FL,Cape Coral-Fort Myers,Lee County,109,26.640628,-81.872308,"Fort Myers, FL","Fort Myers, Lee County, FL, US",
18251,Garland,TX,Dallas-Fort Worth-Arlington,Dallas County,110,32.912624,-96.638883,"Garland, TX","Garland, Dallas County, TX, US",
7204,Spring,TX,Houston-The Woodlands-Sugar Land,Harris County,111,30.079883,-95.417255,"Spring, TX","Spring, Harris County, TX, US",
4888,Gilbert,AZ,Phoenix-Mesa-Scottsdale,Maricopa County,112,33.352826,-111.789024,"Gilbert, AZ","Gilbert, Maricopa County, AZ, US",
26187,North Las Vegas,NV,Las Vegas-Henderson-Paradise,Clark County,113,36.200837,-115.112096,"North Las Vegas, NV","North Las Vegas, Clark County, NV, US",
11540,Fremont,CA,San Francisco-Oakland-Hayward,Alameda County,114,49.285062,-123.135817,"Fremont, CA","1445 Pendrell Street, Vancouver, Metro Vancouver Regional District, BC, CA",
54311,Santa Clarita,CA,Los Angeles-Long Beach-Anaheim,Los Angeles County,115,34.391664,-118.542586,"Santa Clarita, CA","Santa Clarita, Los Angeles County, CA, US",
24741,Fontana,CA,Riverside-San Bernardino-Ontario,San Bernardino County,116,34.092234,-117.435048,"Fontana, CA","Fontana, San Bernardino County, CA, US",
12065,Irving,TX,Dallas-Fort Worth-Arlington,Dallas County,117,32.829518,-96.944218,"Irving, TX","Irving, Dallas County, TX, US",
30258,Arlington,VA,Washington-Arlington-Alexandria,Arlington County,118,38.890396,-77.084158,"Arlington, VA","Arlington, Arlington County, VA, US",
7222,Springfield,MO,Springfield,Greene County,119,37.216678,-93.292037,"Springfield, MO","Springfield, Greene County, MO, US",
24960,Greenville,SC,Greenville-Anderson-Mauldin,Greenville County,120,34.851354,-82.398488,"Greenville, SC","Greenville, Greenville County, SC, US",
26967,Santa Rosa,CA,Santa Rosa,Sonoma County,121,49.263349,-123.102506,"Santa Rosa, CA","107 East Broadway, Vancouver, Metro Vancouver Regional District, BC, CA",
13150,Oxnard,CA,Oxnard-Thousand Oaks-Ventura,Ventura County,122,34.197631,-119.180382,"Oxnard, CA","Oxnard, Ventura County, CA, US",
6752,Richmond,VA,Richmond,Richmond City,123,37.538509,-77.43428,"Richmond, VA","Richmond City, VA, US",
17759,Des Moines,IA,Des Moines-West Des Moines,Polk County,124,41.591064,-93.603715,"Des Moines, IA","Des Moines, Polk County, IA, US",
53673,Ocala,FL,Ocala,Marion County,125,29.187199,-82.140092,"Ocala, FL","Ocala, Marion County, FL, US",
10477,Boca Raton,FL,Miami-Fort Lauderdale-West Palm Beach,Palm Beach County,126,26.358689,-80.083098,"Boca Raton, FL","Boca Raton, Palm Beach County, FL, US",
14701,Woodbridge,VA,Washington-Arlington-Alexandria,Prince William County,127,38.658172,-77.249705,"Woodbridge, VA","Woodbridge, Prince William County, VA, US",
32931,Montgomery,AL,Montgomery,Montgomery County,128,32.366966,-86.300648,"Montgomery, AL","Montgomery, Montgomery County, AL, US",
44282,Bradenton,FL,North Port-Sarasota-Bradenton,Manatee County,129,27.498928,-82.574819,"Bradenton, FL","Bradenton, Manatee County, FL, US",
24225,Corona,CA,Riverside-San Bernardino-Ontario,Riverside County,130,49.198057,-124.087538,"Corona, CA","Area C (Arrowsmith-Benson), Regional District of Nanaimo, BC, CA",
6285,Oceanside,CA,San Diego-Carlsbad,San Diego County,131,33.19587,-117.379483,"Oceanside, CA","Oceanside, San Diego County, CA, US",
27362,Tacoma,WA,Seattle-Tacoma-Bellevue,Pierce County,132,47.24958,-122.439875,"Tacoma, WA","Tacoma, Pierce County, WA, US",
11671,Grand Rapids,MI,Grand Rapids-Wyoming,Kent County,133,42.963241,-85.667864,"Grand Rapids, MI","Grand Rapids, Kent County, MI, US",
24821,Gainesville,FL,Gainesville,Alachua County,134,29.65194,-82.324996,"Gainesville, FL","Gainesville, Alachua County, FL, US",
34937,Yonkers,NY,New York-Newark-Jersey City,Westchester County,135,40.93121,-73.898747,"Yonkers, NY","Yonkers, Westchester County, NY, US",
45457,Glendale,CA,Los Angeles-Long Beach-Anaheim,Los Angeles County,136,51.034096,-114.152295,"Glendale, CA","Calgary, Census Divsion No. 6, AB, CA",
25981,Moreno Valley,CA,Riverside-San Bernardino-Ontario,Riverside County,137,33.937517,-117.230594,"Moreno Valley, CA","Moreno Valley, Riverside County, CA, US",
30141,Akron,OH,Akron,Summit County,138,41.083064,-81.518485,"Akron, OH","Akron, Summit County, OH, US",
10215,Aurora,IL,Chicago-Naperville-Elgin,Kane County,139,41.75717,-88.314754,"Aurora, IL","Aurora, Kane County, IL, US",
21320,Wilmington,NC,Wilmington,New Hanover County,140,34.225728,-77.944711,"Wilmington, NC","Wilmington, New Hanover County, NC, US",
25218,Huntington Beach,CA,Los Angeles-Long Beach-Anaheim,Orange County,141,33.678334,-118.000017,"Huntington Beach, CA","Huntington Beach, Orange County, CA, US",
12014,Huntsville,AL,Huntsville,Madison County,142,34.729847,-86.585901,"Huntsville, AL","Huntsville, Madison County, AL, US",
16753,Amarillo,TX,Amarillo,Potter County,143,35.207219,-101.833825,"Amarillo, TX","Amarillo, Potter County, TX, US",
38438,Eugene,OR,Eugene,Lane County,144,44.050505,-123.095051,"Eugene, OR","Eugene, Lane County, OR, US",
6909,Salt Lake City,UT,Salt Lake City,Salt Lake County,145,40.767013,-111.890431,"Salt Lake City, UT","Salt Lake City, UT, US",
33501,Port Saint Lucie,FL,Port St. Lucie,Saint Lucie County,146,27.293933,-80.350328,"Port Saint Lucie, FL","Port St. Lucie, St. Lucie County, FL, US",
54288,Salinas,CA,Salinas,Monterey County,147,36.674412,-121.655037,"Salinas, CA","Salinas, Monterey County, CA, US",
52998,Little Rock,AR,Little Rock-North Little Rock-Conway,Pulaski County,148,34.746481,-92.289595,"Little Rock, AR","Little Rock, AR, US",
4764,Fort Collins,CO,Fort Collins,Larimer County,149,40.550853,-105.066808,"Fort Collins, CO","Fort Collins, Larimer County, CO, US",
18518,Hayward,CA,San Francisco-Oakland-Hayward,Alameda County,150,39.78373,-100.445882,"Hayward, CA",US,
51167,Brownsville,TX,Brownsville-Harlingen,Cameron County,151,25.914026,-97.489086,"Brownsville, TX","Brownsville, Cameron County, TX, US",
47426,Rockford,IL,Rockford,Winnebago County,152,42.271395,-89.093966,"Rockford, IL","Rockford, Winnebago County, IL, US",
31471,Evansville,IN,Evansville,Vanderburgh County,153,37.974765,-87.555848,"Evansville, IN","Evansville, Vanderburgh County, IN, US",
14724,Worcester,MA,Worcester,Worcester County,154,42.262593,-71.802293,"Worcester, MA","Worcester, Worcester, MA, US",
40202,Overland Park,KS,Kansas City,Johnson County,155,38.982228,-94.670792,"Overland Park, KS","Overland Park, Johnson County, KS, US",
5534,Lancaster,CA,Los Angeles-Long Beach-Anaheim,Los Angeles County,156,45.141264,-74.498406,"Lancaster, CA","Lancaster, Stormont, Dundas and Glengarry, ON, CA",
20317,Salem,OR,Salem,Marion County,157,44.939157,-123.033121,"Salem, OR","Salem, Marion County, OR, US",
24832,Garden Grove,CA,Los Angeles-Long Beach-Anaheim,Orange County,158,49.509123,-96.878014,"Garden Grove, CA","Garden Grove, Kleefeld, MB, CA",
31821,Grand Prairie,TX,Dallas-Fort Worth-Arlington,Dallas County,159,32.657368,-97.028466,"Grand Prairie, TX","Grand Prairie, Dallas County, TX, US",
30381,Beaverton,OR,Portland-Vancouver-Hillsboro,Washington County,160,45.487172,-122.80378,"Beaverton, OR","Beaverton, Washington County, OR, US",
11337,Escondido,CA,San Diego-Carlsbad,San Diego County,161,33.121675,-117.081485,"Escondido, CA","Escondido, San Diego County, CA, US",
26637,Providence,RI,Providence-Warwick,Providence County,162,41.823989,-71.412834,"Providence, RI","Providence, Providence, RI, US",
31606,Fort Lauderdale,FL,Miami-Fort Lauderdale-West Palm Beach,Broward County,163,26.122308,-80.143379,"Fort Lauderdale, FL","Fort Lauderdale, Broward County, FL, US",
13108,Ontario,CA,Riverside-San Bernardino-Ontario,San Bernardino County,164,50.000678,-86.000977,"Ontario, CA","ON, CA",
17539,Columbus,GA,Columbus,Muscogee County,165,32.460976,-84.987709,"Columbus, GA","Columbus, Muscogee County, GA, US",
7087,Sioux Falls,SD,Sioux Falls,Minnehaha County,166,43.549975,-96.700327,"Sioux Falls, SD","Sioux Falls, Minnehaha County, SD, US",
4054,Charleston,SC,Charleston-North Charleston,Charleston County,167,32.787601,-79.940273,"Charleston, SC","Charleston, Charleston County, SC, US",
18847,Kissimmee,FL,Orlando-Kissimmee-Sanford,Osceola County,168,28.2919,-81.407584,"Kissimmee, FL","Kissimmee, Osceola County, FL, US",
37837,Chattanooga,TN,Chattanooga,Hamilton County,169,35.04563,-85.30968,"Chattanooga, TN","Chattanooga, Hamilton County, TN, US",
47958,Tempe,AZ,Phoenix-Mesa-Scottsdale,Maricopa County,170,33.414414,-111.909447,"Tempe, AZ","Tempe, Maricopa County, AZ, US",
19523,Murfreesboro,TN,Nashville-Davidson--Murfreesboro--Franklin,Rutherford County,171,35.845999,-86.392045,"Murfreesboro, TN","Murfreesboro, Rutherford County, TN, US",
40492,Rancho Cucamonga,CA,Riverside-San Bernardino-Ontario,San Bernardino County,172,34.103319,-117.575173,"Rancho Cucamonga, CA","Rancho Cucamonga, San Bernardino County, CA, US",
30742,Cape Coral,FL,Cape Coral-Fort Myers,Lee County,173,26.605943,-81.980677,"Cape Coral, FL","Cape Coral, Lee County, FL, US",
47584,Savannah,GA,Savannah,Chatham County,174,32.080926,-81.091177,"Savannah, GA","Savannah, Chatham County, GA, US",
11529,Fredericksburg,VA,Washington-Arlington-Alexandria,Spotsylvania County,175,38.303184,-77.46054,"Fredericksburg, VA","Fredericksburg, Fredericksburg City, VA, US",
5424,Killeen,TX,Killeen-Temple,Bell County,176,31.117144,-97.727796,"Killeen, TX","Killeen, Bell County, TX, US",
40227,Palmdale,CA,Los Angeles-Long Beach-Anaheim,Los Angeles County,177,34.579313,-118.117111,"Palmdale, CA","Palmdale, Los Angeles County, CA, US",
6792,Roanoke,VA,Roanoke,Roanoke City,178,37.274532,-79.96021,"Roanoke, VA","Roanoke, Roanoke, VA, US",
26140,Newport News,VA,Virginia Beach-Norfolk-Newport News,Newport News City,179,36.978645,-76.432109,"Newport News, VA","Newport News City, VA, US",
38333,El Cajon,CA,San Diego-Carlsbad,San Diego County,180,32.794773,-116.962527,"El Cajon, CA","El Cajon, San Diego County, CA, US",
10843,Clarksville,TN,Clarksville,Montgomery County,181,36.527761,-87.35887,"Clarksville, TN","Clarksville, Montgomery County, TN, US",
17950,Elk Grove,CA,Sacramento--Roseville--Arden-Arcade,Sacramento County,182,38.408799,-121.371618,"Elk Grove, CA","Elk Grove, Sacramento County, CA, US",
40298,Peoria,AZ,Phoenix-Mesa-Scottsdale,Maricopa County,183,33.576621,-112.239826,"Peoria, AZ","Peoria, Maricopa County, AZ, US",
41114,Sugar Land,TX,Houston-The Woodlands-Sugar Land,Fort Bend County,184,29.619679,-95.634946,"Sugar Land, TX","Sugar Land, Fort Bend County, TX, US",
39931,Naperville,IL,Chicago-Naperville-Elgin,DuPage County,185,41.772866,-88.147853,"Naperville, IL","Naperville, DuPage County, IL, US",
4655,Fairfax,VA,Washington-Arlington-Alexandria,Fairfax County,186,38.846224,-77.306373,"Fairfax, VA","Fairfax, Fairfax (city), VA, US",
30559,Boynton Beach,FL,Miami-Fort Lauderdale-West Palm Beach,Palm Beach County,187,26.525349,-80.066431,"Boynton Beach, FL","Boynton Beach, Palm Beach County, FL, US",
41256,Topeka,KS,Topeka,Shawnee County,188,39.049011,-95.677556,"Topeka, KS","Topeka, Shawnee County, KS, US",
32783,McKinney,TX,Dallas-Fort Worth-Arlington,Collin County,189,33.19765,-96.615447,"McKinney, TX","McKinney, Collin County, TX, US",
39312,Lafayette,LA,Lafayette,Lafayette Parish,190,30.22409,-92.019843,"Lafayette, LA","Lafayette, Lafayette Parish, LA, US",
19892,Pembroke Pines,FL,Miami-Fort Lauderdale-West Palm Beach,Broward County,191,26.02322,-80.341239,"Pembroke Pines, FL","Pembroke Pines, Broward County, FL, US",
38328,Edmond,OK,Oklahoma City,Oklahoma County,192,35.657137,-97.464904,"Edmond, OK","Edmond, Oklahoma County, OK, US",
25483,Lakeland,FL,Lakeland-Winter Haven,Polk County,193,28.039465,-81.949804,"Lakeland, FL","Lakeland, Polk County, FL, US",
47250,Pueblo,CO,Pueblo,Pueblo County,194,38.254447,-104.609141,"Pueblo, CO","Pueblo, Pueblo County, CO, US",
7221,Springfield,MA,Springfield,Hampden County,195,42.101483,-72.589811,"Springfield, MA","Springfield, Hampden, MA, US",
6286,Odessa,TX,Odessa,Ector County,196,31.845715,-102.367687,"Odessa, TX","Odessa, Ector County, TX, US",
182023,Henrico,VA,Richmond,Henrico County,197,37.545519,-77.423412,"Henrico, VA","Henrico County, VA, US",
31184,Dayton,OH,Dayton,Montgomery County,198,39.758948,-84.191607,"Dayton, OH","Dayton, Montgomery County, OH, US",
19360,Midland,TX,Midland,Midland County,199,31.997366,-102.077948,"Midland, TX","Midland, Midland County, TX, US",
5519,Lakewood,CO,Denver-Aurora-Lakewood,Jefferson County,200,39.624609,-105.084204,"Lakewood, CO","Lakewood, Jefferson County, CO, US",
44821,Cumming,GA,Atlanta-Sandy Springs-Roswell,Forsyth County,201,34.20732,-84.140193,"Cumming, GA","Cumming, Forsyth County, GA, US",
41324,Tyler,TX,Tyler,Smith County,202,32.35126,-95.301062,"Tyler, TX","Tyler, Smith County, TX, US",
20008,Pomona,CA,Los Angeles-Long Beach-Anaheim,Los Angeles County,203,34.055381,-117.75175,"Pomona, CA","Pomona, Los Angeles County, CA, US",
21114,Visalia,CA,Visalia-Porterville,Tulare County,204,36.330228,-119.292058,"Visalia, CA","Visalia, Tulare County, CA, US",
38119,Cypress,TX,Houston-The Woodlands-Sugar Land,Harris County,205,29.969112,-95.697169,"Cypress, TX","Cypress, Harris County, TX, US",
8097,Ann Arbor,MI,Ann Arbor,Washtenaw County,206,42.268157,-83.731229,"Ann Arbor, MI","Ann Arbor, Washtenaw County, MI, US",
14634,Whittier,CA,Los Angeles-Long Beach-Anaheim,Los Angeles County,207,33.974893,-118.033697,"Whittier, CA","Whittier, Los Angeles County, CA, US",
39191,Kansas City,KS,Kansas City,Wyandotte County,208,39.11468,-94.749525,"Kansas City, KS","Kansas City, Wyandotte County, KS, US",
54626,Sunnyvale,CA,San Jose-Sunnyvale-Santa Clara,Santa Clara County,209,37.36883,-122.03635,"Sunnyvale, CA","Sunnyvale, Santa Clara County, CA, US",
32060,Hollywood,FL,Miami-Fort Lauderdale-West Palm Beach,Broward County,210,26.011201,-80.14949,"Hollywood, FL","Hollywood, Broward County, FL, US",
25514,Las Cruces,NM,Las Cruces,Dona Ana County,211,33.168069,-107.227552,"Las Cruces, NM","Las Cruces, Elephant Butte, Sierra County, NM, US",
4521,Edinburg,TX,McAllen-Edinburg-Mission,Hidalgo County,212,26.301398,-98.16245,"Edinburg, TX","Edinburg, Hidalgo County, TX, US",
44734,Conroe,TX,Houston-The Woodlands-Sugar Land,Montgomery County,213,30.311877,-95.456051,"Conroe, TX","Conroe, Montgomery County, TX, US",
398300,Lansing,MI,Lansing-East Lansing,Ingham County,214,42.733771,-84.55538,"Lansing, MI","Lansing, Ingham County, MI, US",
51297,Cary,NC,Raleigh,Wake County,215,35.788297,-78.781192,"Cary, NC","Cary, Wake County, NC, US",
19873,Paterson,NJ,New York-Newark-Jersey City,Passaic County,216,40.916765,-74.171811,"Paterson, NJ","Paterson, Passaic County, NJ, US",
19865,Pasadena,TX,Houston-The Woodlands-Sugar Land,Harris County,217,29.691063,-95.209101,"Pasadena, TX","Pasadena, Harris County, TX, US",
35282,Beaumont,TX,Beaumont-Port Arthur,Jefferson County,218,30.086046,-94.101846,"Beaumont, TX","Beaumont, Jefferson County, TX, US",
28065,Yuma,AZ,Yuma,Yuma County,219,32.725325,-114.624397,"Yuma, AZ","Yuma, Yuma County, AZ, US",
18208,Frisco,TX,Dallas-Fort Worth-Arlington,Collin County,220,33.150674,-96.823612,"Frisco, TX","Frisco, Collin County, TX, US",
10918,Columbia,MO,Columbia,Boone County,221,38.951883,-92.333737,"Columbia, MO","Columbia, Boone County, MO, US",
7353,Syracuse,NY,Syracuse,Onondaga County,222,43.048122,-76.147424,"Syracuse, NY","Syracuse, Onondaga County, NY, US",
47019,Pasadena,CA,Los Angeles-Long Beach-Anaheim,Los Angeles County,223,49.013923,-57.598653,"Pasadena, CA","Pasadena, NL, CA",
3806,Bridgeport,CT,Bridgeport-Stamford-Norwalk,Fairfield County,224,41.167041,-73.204835,"Bridgeport, CT","Bridgeport, Fairfield County, CT, US",
32626,Macon,GA,Macon-Bibb County,Bibb County,225,32.840695,-83.632402,"Macon, GA","Macon, Bibb County, GA, US",
51260,Canton,OH,Canton-Massillon,Stark County,226,40.798952,-81.378444,"Canton, OH","Canton, Stark County, OH, US",
6183,Newark,DE,Philadelphia-Camden-Wilmington,New Castle County,227,39.685219,-75.750829,"Newark, DE","Newark, New Castle County, DE, US",
12694,Mesquite,TX,Dallas-Fort Worth-Arlington,Dallas County,228,32.76661,-96.599472,"Mesquite, TX","Mesquite, Dallas County, TX, US",
13480,Renton,WA,Seattle-Tacoma-Bellevue,King County,229,47.479908,-122.20345,"Renton, WA","Renton, King County, WA, US",
5914,Metairie,LA,New Orleans-Metairie,Jefferson Parish,230,47.988154,3.176002,"Metairie, LA","La Metairie, Sens, Bourgogne-Franche-Comté, FR",
47570,Santa Maria,CA,Santa Maria-Santa Barbara,Santa Barbara County,231,39.78373,-100.445882,"Santa Maria, CA",US,
54722,Torrance,CA,Los Angeles-Long Beach-Anaheim,Los Angeles County,232,44.995531,-79.569241,"Torrance, CA","Muskoka Lakes, Muskoka, ON, CA",
51447,Clearwater,FL,Tampa-St. Petersburg-Clearwater,Pinellas County,233,27.965853,-82.800103,"Clearwater, FL","Clearwater, Pinellas County, FL, US",
24812,Fullerton,CA,Los Angeles-Long Beach-Anaheim,Orange County,234,33.870822,-117.929416,"Fullerton, CA","Fullerton, Orange County, CA, US",
25818,McAllen,TX,McAllen-Edinburg-Mission,Hidalgo County,235,26.204369,-98.230082,"McAllen, TX","McAllen, Hidalgo County, TX, US",
33252,Orange,CA,Los Angeles-Long Beach-Anaheim,Orange County,236,45.843838,-74.041871,"Orange, CA","Prévost, La Rivière-du-Nord, QC, CA",
24174,Compton,CA,Los Angeles-Long Beach-Anaheim,Los Angeles County,237,45.243228,-71.827927,"Compton, CA","Compton, Coaticook (MRC), QC, CA",
5052,Hampton,VA,Virginia Beach-Norfolk-Newport News,Hampton City,238,37.030097,-76.345206,"Hampton, VA","Hampton City, VA, US",
3619,Bellevue,WA,Seattle-Tacoma-Bellevue,King County,239,47.614422,-122.192337,"Bellevue, WA","Bellevue, King County, WA, US",
45888,Inglewood,CA,Los Angeles-Long Beach-Anaheim,Los Angeles County,240,51.0388,-114.027489,"Inglewood, CA","Calgary, Census Divsion No. 6, AB, CA",
5399,Kent,WA,Seattle-Tacoma-Bellevue,King County,241,47.38269,-122.227027,"Kent, WA","Kent, King County, WA, US",
48443,West Valley City,UT,Salt Lake City,Salt Lake County,242,40.696629,-111.986727,"West Valley City, UT","West Valley City, UT, US",
33230,Olathe,KS,Kansas City,Johnson County,243,38.884387,-94.816113,"Olathe, KS","Olathe, Johnson County, KS, US",
21159,Warren,MI,Detroit-Warren-Dearborn,Macomb County,244,42.477536,-83.0277,"Warren, MI","Warren, Macomb County, MI, US",
39815,Miramar,FL,Miami-Fort Lauderdale-West Palm Beach,Broward County,245,25.975911,-80.334721,"Miramar, FL","Miramar, Broward County, FL, US",
20793,Thornton,CO,Denver-Aurora-Lakewood,Adams County,246,39.917473,-104.905461,"Thornton, CO","CO, US",
23394,Abilene,TX,Abilene,Taylor County,247,32.446453,-99.733348,"Abilene, TX","Abilene, Taylor County, TX, US",
37427,Billings,MT,Billings,Yellowstone County,248,45.787496,-108.49607,"Billings, MT","Billings, Yellowstone County, MT, US",
51518,Concord,CA,San Francisco-Oakland-Hayward,Contra Costa County,249,45.452798,-62.790514,"Concord, CA","Pictou County, NS, CA",
44506,Cedar Rapids,IA,Cedar Rapids,Linn County,250,41.975887,-91.670405,"Cedar Rapids, IA","Cedar Rapids, IA, US",
17070,Bloomington,IN,Bloomington,Monroe County,251,39.16704,-86.534288,"Bloomington, IN","Bloomington, Monroe County, IN, US",
30543,Boulder,CO,Boulder,Boulder County,252,40.014986,-105.270546,"Boulder, CO","Boulder, Boulder County, CO, US",
47847,Sterling Heights,MI,Detroit-Warren-Dearborn,Macomb County,253,42.580312,-83.030203,"Sterling Heights, MI","Sterling Heights, Macomb County, MI, US",
54263,Saginaw,MI,Saginaw,Saginaw County,254,43.420039,-83.949036,"Saginaw, MI","Saginaw, Saginaw County, MI, US",
395433,Ramapo,NY,New York-Newark-Jersey City,Rockland County,255,41.1412,-74.1685,"Ramapo, NY","Sterlington, Rockland County, NY, US",
17321,Carrollton,TX,Dallas-Fort Worth-Arlington,Denton County,256,32.953735,-96.890282,"Carrollton, TX","Carrollton, Dallas County, TX, US",
17571,Coral Springs,FL,Miami-Fort Lauderdale-West Palm Beach,Broward County,257,26.264856,-80.265342,"Coral Springs, FL","Coral Springs, Broward County, FL, US",
34278,Thousand Oaks,CA,Oxnard-Thousand Oaks-Ventura,Ventura County,258,34.170561,-118.837594,"Thousand Oaks, CA","Thousand Oaks, Ventura County, CA, US",
27683,Victorville,CA,Riverside-San Bernardino-Ontario,San Bernardino County,259,34.536107,-117.291156,"Victorville, CA","Victorville, San Bernardino County, CA, US",
13594,Roseville,CA,Sacramento--Roseville--Arden-Arcade,Placer County,260,43.341475,-80.475931,"Roseville, CA","Roseville, Regional Municipality of Waterloo, ON, CA",
7330,Surprise,AZ,Phoenix-Mesa-Scottsdale,Maricopa County,261,33.629227,-112.368019,"Surprise, AZ","Surprise, Maricopa County, AZ, US",
6155,New Haven,CT,New Haven-Milford,New Haven County,262,41.308214,-72.925052,"New Haven, CT","New Haven, New Haven County, CT, US",
11786,Hamilton,OH,Cincinnati,Butler County,263,39.399507,-84.561343,"Hamilton, OH","Hamilton, Butler County, OH, US",
48293,Waco,TX,Waco,McLennan County,264,31.549333,-97.146669,"Waco, TX","Waco, McLennan County, TX, US",
27110,Simi Valley,CA,Oxnard-Thousand Oaks-Ventura,Ventura County,265,34.269447,-118.781482,"Simi Valley, CA","Simi Valley, Ventura County, CA, US",
27239,Stamford,CT,Bridgeport-Stamford-Norwalk,Fairfield County,266,41.05343,-73.538734,"Stamford, CT","Stamford, Fairfield County, CT, US",
13234,Pearland,TX,Houston-The Woodlands-Sugar Land,Brazoria County,267,29.563976,-95.28643,"Pearland, TX","Pearland, Brazoria County, TX, US",
31388,Elizabeth,NJ,New York-Newark-Jersey City,Union County,268,40.663992,-74.210701,"Elizabeth, NJ","Elizabeth, Union County, NJ, US",
4351,Denton,TX,Dallas-Fort Worth-Arlington,Denton County,269,33.183879,-97.141342,"Denton, TX","Denton County, TX, US",
40760,Santa Fe,NM,Santa Fe,Santa Fe County,270,35.687,-105.9378,"Santa Fe, NM","Santa Fe, Santa Fe County, NM, US",
24822,Gainesville,GA,Gainesville,Hall County,271,34.297879,-83.824066,"Gainesville, GA","Gainesville, Hall County, GA, US",
54522,Springfield,IL,Springfield,Sangamon County,272,39.798976,-89.644369,"Springfield, IL","Springfield, Sangamon County, IL, US",
16726,Allentown,PA,Allentown-Bethlehem-Easton,Lehigh County,273,40.602206,-75.471279,"Allentown, PA","Allentown, Lehigh County, PA, US",
46101,Lake Charles,LA,Lake Charles,Calcasieu Parish,274,30.226595,-93.217376,"Lake Charles, LA","Lake Charles, Calcasieu Parish, LA, US",
398007,Flint,MI,Flint,Genesee County,275,43.017177,-83.723602,"Flint, MI","Flint, Genesee County, MI, US",
4810,Frederick,MD,Washington-Arlington-Alexandria,Frederick County,276,39.414219,-77.410927,"Frederick, MD","Frederick, Frederick County, MD, US",
5071,Hartford,CT,Hartford-West Hartford-East Hartford,Hartford County,277,41.764549,-72.690867,"Hartford, CT","Hartford, Hartford County, CT, US",
6103,Murrieta,CA,Riverside-San Bernardino-Ontario,Riverside County,278,33.577752,-117.188454,"Murrieta, CA","Leafwood Drive, Murrieta, Riverside County, CA, US",
7386,Temecula,CA,Riverside-San Bernardino-Ontario,Riverside County,279,33.494635,-117.147366,"Temecula, CA","Temecula, Riverside County, CA, US",
11865,Hemet,CA,Riverside-San Bernardino-Ontario,Riverside County,280,33.778562,-117.035767,"Hemet, CA","Hemet, Riverside County, CA, US",
17882,East Los Angeles,CA,Los Angeles-Long Beach-Anaheim,Los Angeles County,281,34.023902,-118.172016,"East Los Angeles, CA","Belvedere Gardens, Los Angeles County, CA, US",
32238,Joliet,IL,Chicago-Naperville-Elgin,Will County,282,41.52636,-88.084021,"Joliet, IL","Joliet, Will County, IL, US",
34520,Vallejo,CA,Vallejo-Fairfield,Solano County,283,38.104086,-122.256637,"Vallejo, CA","Vallejo, Solano County, CA, US",
13713,Santa Clara,CA,San Jose-Sunnyvale-Santa Clara,Santa Clara County,284,37.034583,-121.517372,"Santa Clara, CA","Santa Clara County, CA, US",
17551,Concord,NC,Charlotte-Concord-Gastonia,Cabarrus County,285,35.409377,-80.579742,"Concord, NC","Concord, Cabarrus County, NC, US",
30211,Town Of Amherst,NY,Buffalo-Cheektowaga-Niagara Falls,Erie County,286,39.78373,-100.445882,"Town Of Amherst, NY",US,
23534,Athens,GA,Athens-Clarke County,Clarke County,287,33.955091,-83.388187,"Athens, GA","Athens, Athens - Clarke County, GA, US",
4679,Falls Church,VA,Washington-Arlington-Alexandria,Fairfax County,288,38.882334,-77.171091,"Falls Church, VA","Falls Church City, VA, US",
33136,Norman,OK,Oklahoma City,Cleveland County,289,35.222572,-97.439482,"Norman, OK","Norman, OK, US",
33024,Nampa,ID,Boise City,Canyon County,290,43.573736,-116.559631,"Nampa, ID","Nampa, Canyon County, ID, US",
16992,Berkeley,CA,San Francisco-Oakland-Hayward,Alameda County,291,44.366938,-80.72725,"Berkeley, CA","Berkeley, Grey, ON, CA",
34781,Westminster,CO,Denver-Aurora-Lakewood,Adams County,292,39.836653,-105.037205,"Westminster, CO","Westminster, Adams County, CO, US",
26791,Rochester,MN,Rochester,Olmsted County,293,44.023327,-92.463021,"Rochester, MN","Rochester, Olmsted County, MN, US",
44655,Clovis,CA,Fresno,Fresno County,294,36.825228,-119.702919,"Clovis, CA","Clovis, Fresno County, CA, US",
41084,Stone Mountain,GA,Atlanta-Sandy Springs-Roswell,Dekalb County,295,33.806217,-84.14575,"Stone Mountain, GA","DeKalb County, GA, US",
27317,Summerville,SC,Charleston-North Charleston,Dorchester County,296,33.020618,-80.174754,"Summerville, SC","Summerville, Dorchester County, SC, US",
41517,Vista,CA,San Diego-Carlsbad,San Diego County,297,49.823819,-97.107444,"Vista, CA","Winnipeg, MB, CA",
37596,Broken Arrow,OK,Tulsa,Tulsa County,298,36.052599,-95.790819,"Broken Arrow, OK","Broken Arrow, Tulsa County, OK, US",
26751,Richmond,CA,San Francisco-Oakland-Hayward,Contra Costa County,299,49.163273,-123.137669,"Richmond, CA","Richmond, Metro Vancouver Regional District, BC, CA",
10181,Arvada,CO,Denver-Aurora-Lakewood,Jefferson County,300,39.821123,-105.220743,"Arvada, CO","Arvada, Jefferson County, CO, US",
12038,Independence,MO,Kansas City,Jackson County,301,39.092479,-94.413792,"Independence, MO","Independence, Jackson County, MO, US",
14208,Tuscaloosa,AL,Tuscaloosa,Tuscaloosa County,302,33.26684,-87.486218,"Tuscaloosa, AL","Tuscaloosa County, AL, US",
20071,Provo,UT,Provo-Orem,Utah County,303,40.233844,-111.658534,"Provo, UT","Provo, Utah County, UT, US",
6172,New Port Richey,FL,Tampa-St. Petersburg-Clearwater,Pasco County,304,28.247132,-82.717024,"New Port Richey, FL","New Port Richey, Pasco County, FL, US",
7191,Spartanburg,SC,Spartanburg,Spartanburg County,305,34.949801,-81.932016,"Spartanburg, SC","Spartanburg, Spartanburg County, SC, US",
50950,Bellingham,WA,Bellingham,Whatcom County,306,48.754402,-122.47886,"Bellingham, WA","Bellingham, Whatcom County, WA, US",
19307,Melbourne,FL,Palm Bay-Melbourne-Titusville,Brevard County,307,28.083627,-80.608109,"Melbourne, FL","Melbourne, Brevard County, FL, US",
38032,Costa Mesa,CA,Los Angeles-Long Beach-Anaheim,Orange County,308,33.663339,-117.903317,"Costa Mesa, CA","Costa Mesa, Orange County, CA, US",
13943,Sparks,NV,Reno,Washoe County,309,39.534843,-119.752768,"Sparks, NV","Sparks, Washoe County, NV, US",
50962,Bend,OR,Bend-Redmond,Deschutes County,310,44.058173,-121.31531,"Bend, OR","Bend, Deschutes County, OR, US",
51861,El Monte,CA,Los Angeles-Long Beach-Anaheim,Los Angeles County,311,44.243416,10.818652,"El Monte, CA","Fanano, Unione dei comuni del Frignano, Emilia-Romagna, IT",
37965,College Station,TX,College Station-Bryan,Brazos County,312,30.625346,-96.327154,"College Station, TX","College Station, Brazos County, TX, US",
39767,Miami Gardens,FL,Miami-Fort Lauderdale-West Palm Beach,Miami-Dade County,313,25.942075,-80.239753,"Miami Gardens, FL","Miami Gardens, Miami-Dade County, FL, US",
37863,Chico,CA,Chico,Butte County,314,45.548442,-73.5428,"Chico, CA","3911 Rue Ontario Est, Montreal, QC, CA",
4406,Downey,CA,Los Angeles-Long Beach-Anaheim,Los Angeles County,315,49.318251,-122.729838,"Downey, CA","Coquitlam, Metro Vancouver Regional District, BC, CA",
7453,Tracy,CA,Stockton-Lodi,San Joaquin County,316,45.673538,-66.684542,"Tracy, CA","Tracy, Sunbury County, NB, CA",
34543,Ventura,CA,Oxnard-Thousand Oaks-Ventura,Ventura County,317,49.263397,-123.147677,"Ventura, CA","1886 West Broadway, Vancouver, Metro Vancouver Regional District, BC, CA",
6218,North Charleston,SC,Charleston-North Charleston,Charleston County,318,32.85462,-79.97481,"North Charleston, SC","North Charleston, Charleston County, SC, US",
39420,Lewisville,TX,Dallas-Fort Worth-Arlington,Denton County,319,33.046233,-96.994174,"Lewisville, TX","Lewisville, Denton County, TX, US",
14542,West Covina,CA,Los Angeles-Long Beach-Anaheim,Los Angeles County,320,34.068621,-117.938953,"West Covina, CA","West Covina, Los Angeles County, CA, US",
13554,Rock Hill,SC,Charlotte-Concord-Gastonia,York County,321,34.924867,-81.025078,"Rock Hill, SC","Rock Hill, York County, SC, US",
17133,Bowling Green,KY,Bowling Green,Warren County,322,36.99032,-86.443602,"Bowling Green, KY","Bowling Green, Warren County, KY, US",
41802,Yakima,WA,Yakima,Yakima County,323,46.601557,-120.510842,"Yakima, WA","Yakima, Yakima County, WA, US",
47322,Redding,CA,Redding,Shasta County,324,40.586356,-122.391675,"Redding, CA","Redding, Shasta County, CA, US",
5772,Manchester,NH,Manchester-Nashua,Hillsborough County,325,42.99564,-71.454789,"Manchester, NH","Manchester, Hillsborough County, NH, US",
26900,Saint Augustine,FL,Jacksonville,Saint Johns County,326,29.894695,-81.314539,"Saint Augustine, FL","St. Augustine, St. Johns County, FL, US",
31209,Delray Beach,FL,Miami-Fort Lauderdale-West Palm Beach,Palm Beach County,327,26.461463,-80.07282,"Delray Beach, FL","Delray Beach, Palm Beach County, FL, US",
25659,Lowell,MA,Boston-Cambridge-Newton,Middlesex County,328,42.633425,-71.316172,"Lowell, MA","Lowell, Middlesex County, MA, US",
34671,Waterbury,CT,New Haven-Milford,New Haven County,329,41.558153,-73.051497,"Waterbury, CT","Waterbury, New Haven County, CT, US",
7858,West Palm Beach,FL,Miami-Fort Lauderdale-West Palm Beach,Palm Beach County,330,26.715343,-80.053375,"West Palm Beach, FL","West Palm Beach, Palm Beach County, FL, US",
3975,Carlsbad,CA,San Diego-Carlsbad,San Diego County,331,33.158093,-117.350597,"Carlsbad, CA","Carlsbad, San Diego County, CA, US",
17943,Elgin,IL,Chicago-Naperville-Elgin,Kane County,332,42.037249,-88.281189,"Elgin, IL","Elgin, Kane County, IL, US",
13712,Santa Barbara,CA,Santa Maria-Santa Barbara,Santa Barbara County,333,45.536193,-73.60774,"Santa Barbara, CA","6696 Rue de Saint-Vallier, Montreal, QC, CA",
35593,Laurel,MD,Washington-Arlington-Alexandria,Prince Georges County,334,39.099275,-76.848306,"Laurel, MD","Laurel, Prince George's County, MD, US",
3934,Cambridge,MA,Boston-Cambridge-Newton,Middlesex County,335,42.3751,-71.105616,"Cambridge, MA","Cambridge, Middlesex County, MA, US",
18073,Fargo,ND,Fargo,Cass County,336,46.877229,-96.789821,"Fargo, ND","Fargo, Cass County, ND, US",
41641,West Jordan,UT,Salt Lake City,Salt Lake County,337,40.60967,-111.939103,"West Jordan, UT","West Jordan, UT, US",
11726,Greenville,NC,Greenville,Pitt County,338,35.612661,-77.366354,"Greenville, NC","Greenville, Pitt County, NC, US",
19172,Manassas,VA,Washington-Arlington-Alexandria,Prince William County,339,38.744947,-77.482444,"Manassas, VA","Manassas, Manassas, VA, US",
11914,Hillsboro,OR,Portland-Vancouver-Hillsboro,Washington County,340,45.522894,-122.989827,"Hillsboro, OR","Hillsboro, Washington County, OR, US",
45548,Green Bay,WI,Green Bay,Brown County,341,44.512638,-88.012579,"Green Bay, WI","Green Bay, Brown County, WI, US",
53787,Palm Bay,FL,Palm Bay-Melbourne-Titusville,Brevard County,342,28.033189,-80.642969,"Palm Bay, FL","Palm Bay, Brevard County, FL, US",
54121,Richardson,TX,Dallas-Fort Worth-Arlington,Dallas County,343,32.948179,-96.729721,"Richardson, TX","Richardson, Dallas County, TX, US",
41629,West Chester,PA,Philadelphia-Camden-Wilmington,Chester County,344,39.959721,-75.605964,"West Chester, PA","West Chester, Chester County, PA, US",
53636,Norwalk,CA,Los Angeles-Long Beach-Anaheim,Los Angeles County,345,33.90928,-118.084917,"Norwalk, CA","Norwalk, Los Angeles County, CA, US",
7680,Vero Beach,FL,Sebastian-Vero Beach,Indian River County,346,27.638716,-80.39754,"Vero Beach, FL","Vero Beach, Indian River County, FL, US",
19903,Peoria,IL,Peoria,Peoria County,347,40.693861,-89.589101,"Peoria, IL","Peoria, Peoria County, IL, US",
44515,Centennial,CO,Denver-Aurora-Lakewood,Arapahoe County,348,39.568064,-104.977831,"Centennial, CO","Centennial, Arapahoe County, CO, US",
11140,Douglasville,GA,Atlanta-Sandy Springs-Roswell,Douglas County,349,33.751497,-84.747714,"Douglasville, GA","Douglasville, Douglas County, GA, US",
16780,Antioch,CA,San Francisco-Oakland-Hayward,Contra Costa County,350,38.004921,-121.805789,"Antioch, CA","Antioch, Contra Costa County, CA, US",
13256,Perris,CA,Riverside-San Bernardino-Ontario,Riverside County,351,33.782519,-117.228648,"Perris, CA","Perris, Riverside County, CA, US",
27228,Springfield,VA,Washington-Arlington-Alexandria,Fairfax County,352,38.13208,-78.427788,"Springfield, VA","Springfield, Albemarle County, VA, US",
18053,Fairfield,CA,Vallejo-Fairfield,Solano County,353,48.413642,-123.350577,"Fairfield, CA","Victoria, Capital Regional District, BC, CA",
4301,Davenport,IA,Davenport-Moline-Rock Island,Scott County,354,41.523644,-90.577637,"Davenport, IA","Davenport, Scott County, IA, US",
4626,Everett,WA,Seattle-Tacoma-Bellevue,Snohomish County,355,47.967306,-122.2014,"Everett, WA","Everett, Snohomish County, WA, US",
27942,Wichita Falls,TX,Wichita Falls,Wichita County,356,33.913709,-98.493387,"Wichita Falls, TX","Wichita Falls, Wichita County, TX, US",
11335,Erie,PA,Erie,Erie County,357,42.129066,-80.085242,"Erie, PA","Erie, Erie County, PA, US",
26575,Pompano Beach,FL,Miami-Fort Lauderdale-West Palm Beach,Broward County,358,26.23786,-80.124767,"Pompano Beach, FL","Pompano Beach, Broward County, FL, US",
13698,San Leandro,CA,San Francisco-Oakland-Hayward,Alameda County,359,37.72493,-122.156077,"San Leandro, CA","San Leandro, Alameda County, CA, US",
6790,Riverview,FL,Tampa-St. Petersburg-Clearwater,Hillsborough County,360,27.871197,-82.326988,"Riverview, FL","Riverview, Hillsborough County, FL, US",
396054,Burbank,CA,Los Angeles-Long Beach-Anaheim,Los Angeles County,361,34.181648,-118.325855,"Burbank, CA","Burbank, Los Angeles County, CA, US",
41446,Vacaville,CA,Vallejo-Fairfield,Solano County,362,38.356577,-121.987744,"Vacaville, CA","Vacaville, Solano County, CA, US",
32629,Madera,CA,Madera,Madera County,363,36.941812,-120.171438,"Madera, CA","Madera, Madera County, CA, US",
37074,Albany,NY,Albany-Schenectady-Troy,Albany County,364,42.651167,-73.754968,"Albany, NY","Albany, Albany County, NY, US",
31819,Grand Junction,CO,Grand Junction,Mesa County,365,39.063956,-108.550732,"Grand Junction, CO","Grand Junction, Mesa County, CO, US",
45732,Hesperia,CA,Riverside-San Bernardino-Ontario,San Bernardino County,366,34.426389,-117.300878,"Hesperia, CA","Hesperia, San Bernardino County, CA, US",
45911,Jackson,MI,Jackson,Jackson County,367,32.299038,-90.184769,"Jackson, MI","Jackson, Hinds County, MS, US",
47977,The Woodlands,TX,Houston-The Woodlands-Sugar Land,Montgomery County,368,30.173419,-95.504686,"The Woodlands, TX","The Woodlands, Montgomery County, TX, US",
12438,Longview,TX,Longview,Gregg County,369,32.500704,-94.740489,"Longview, TX","Longview, Gregg County, TX, US",
13699,San Mateo,CA,San Francisco-Oakland-Hayward,San Mateo County,370,37.496904,-122.333057,"San Mateo, CA","San Mateo County, CA, US",
11267,Edison,NJ,New York-Newark-Jersey City,Middlesex County,371,40.538238,-74.394517,"Edison, NJ","Edison, Middlesex County, NJ, US",
45339,Franklin,TN,Nashville-Davidson--Murfreesboro--Franklin,Williamson County,372,35.925193,-86.868936,"Franklin, TN","Franklin, Williamson County, TN, US",
13709,Sandy Springs,GA,Atlanta-Sandy Springs-Roswell,Fulton County,373,33.924269,-84.378538,"Sandy Springs, GA","Sandy Springs, Fulton County, GA, US",
25855,Merced,CA,Merced,Merced County,374,37.302957,-120.484327,"Merced, CA","Merced, Merced County, CA, US",
39134,Jacksonville,NC,Jacksonville,Onslow County,375,34.754052,-77.430241,"Jacksonville, NC","Jacksonville, Onslow County, NC, US",
13715,Santa Cruz,CA,Santa Cruz-Watsonville,Santa Cruz County,376,39.78373,-100.445882,"Santa Cruz, CA",US,
32489,Lexington,SC,Columbia,Lexington County,377,33.9839,-81.226011,"Lexington, SC","Lexington, Lexington County, SC, US",
17386,Chapel Hill,NC,Durham-Chapel Hill,Orange County,378,35.913154,-79.05578,"Chapel Hill, NC","Chapel Hill, Orange County, NC, US",
32287,Kennesaw,GA,Atlanta-Sandy Springs-Roswell,Cobb County,379,34.023434,-84.61549,"Kennesaw, GA","Kennesaw, Cobb County, GA, US",
395557,Woodbridge Township,NJ,New York-Newark-Jersey City,Middlesex County,380,40.549853,-74.287419,"Woodbridge Township, NJ","Woodbridge Township, Middlesex County, NJ, US",
45127,Elkhart,IN,Elkhart-Goshen,Elkhart County,381,41.681994,-85.976667,"Elkhart, IN","Elkhart, Elkhart County, IN, US",
31163,Daly City,CA,San Francisco-Oakland-Hayward,San Mateo County,382,37.705767,-122.46192,"Daly City, CA","Daly City, San Mateo County, CA, US",
33645,Rialto,CA,Riverside-San Bernardino-Ontario,San Bernardino County,383,34.1064,-117.370323,"Rialto, CA","Rialto, San Bernardino County, CA, US",
11049,Davie,FL,Miami-Fort Lauderdale-West Palm Beach,Broward County,384,26.075729,-80.284109,"Davie, FL","Davie, Broward County, FL, US",
10917,Columbia,MD,Baltimore-Columbia-Towson,Howard County,385,39.215621,-76.858205,"Columbia, MD","Columbia, Howard County, MD, US",
46508,Meridian,ID,Boise City,Ada County,386,43.60863,-116.392326,"Meridian, ID","Meridian, Ada County, ID, US",
32452,Lawrence,KS,Lawrence,Douglas County,387,38.971938,-95.23595,"Lawrence, KS","Lawrence, Douglas County, KS, US",
6112,Napa,CA,Napa,Napa County,388,45.942024,-66.673945,"Napa, CA","525 Bishop Drive, Fredericton, York County, NB, CA",
38992,Highlands Ranch,CO,Denver-Aurora-Lakewood,Douglas County,389,39.553877,-104.969426,"Highlands Ranch, CO","Highlands Ranch, Douglas County, CO, US",
46348,Lynchburg,VA,Lynchburg,Lynchburg City,390,37.40088,-79.184492,"Lynchburg, VA","Lynchburg, Lynchburg, VA, US",
11695,Greeley,CO,Greeley,Weld County,391,40.423314,-104.709132,"Greeley, CO","Greeley, Weld County, CO, US",
39386,League City,TX,Houston-The Woodlands-Sugar Land,Galveston County,392,29.507454,-95.09493,"League City, TX","League City, Galveston County, TX, US",
395471,Lakewood Township,NJ,New York-Newark-Jersey City,Ocean County,393,40.07191,-74.206272,"Lakewood Township, NJ","Lakewood Township, Ocean County, NJ, US",
12773,Mission Viejo,CA,Los Angeles-Long Beach-Anaheim,Orange County,394,33.596569,-117.659405,"Mission Viejo, CA","Mission Viejo, Orange County, CA, US",
11896,High Point,NC,Greensboro-High Point,Guilford County,395,35.586776,-82.647907,"High Point, NC","Buncombe County, NC, US",
3404,Anderson,SC,Greenville-Anderson-Mauldin,Anderson County,396,34.50686,-82.650626,"Anderson, SC","Anderson, Anderson County, SC, US",
32540,Livermore,CA,San Francisco-Oakland-Hayward,Alameda County,397,37.682058,-121.768053,"Livermore, CA","Livermore, Alameda County, CA, US",
27219,Spring Hill,FL,Tampa-St. Petersburg-Clearwater,Hernando County,398,28.555827,-82.450373,"Spring Hill, FL","Spring Hill, Hernando County, FL, US",
6932,Sandy,UT,Salt Lake City,Salt Lake County,399,40.572851,-111.83345,"Sandy, UT","Sandy, UT, US",
45255,Federal Way,WA,Seattle-Tacoma-Bellevue,King County,400,47.313494,-122.33931,"Federal Way, WA","Federal Way, King County, WA, US",
40574,Rio Rancho,NM,Albuquerque,Sandoval County,401,35.233375,-106.664472,"Rio Rancho, NM","Rio Rancho, Sandoval County, NM, US",
47762,South Gate,CA,Los Angeles-Long Beach-Anaheim,Los Angeles County,402,44.098833,-80.596559,"South Gate, CA","Southgate, Grey, ON, CA",
23862,Bryan,TX,College Station-Bryan,Brazos County,403,30.658088,-96.352777,"Bryan, TX","Bryan, Brazos County, TX, US",
4042,Champaign,IL,Champaign-Urbana,Champaign County,404,40.116421,-88.243383,"Champaign, IL","Champaign, Champaign County, IL, US",
16701,Albany,GA,Albany,Dougherty County,405,31.578206,-84.155681,"Albany, GA","Albany, Dougherty County, GA, US",
53978,Portsmouth,VA,Virginia Beach-Norfolk-Newport News,Portsmouth City,406,36.835426,-76.298274,"Portsmouth, VA","Portsmouth, VA, US",
399214,Town of Greece,NY,Rochester,Monroe County,407,43.226569,-77.68994,"Town of Greece, NY","Monroe County, NY, US",
42150,Hawthorne,CA,Los Angeles-Long Beach-Anaheim,Los Angeles County,408,45.964714,-61.470694,"Hawthorne, CA","Inverness County, NS, CA",
52696,Johnson City,TN,Johnson City,Washington County,409,36.31344,-82.353473,"Johnson City, TN","Johnson City, Washington County, TN, US",
39097,Idaho Falls,ID,Idaho Falls,Bonneville County,410,43.493525,-112.040092,"Idaho Falls, ID","Idaho Falls, Bonneville County, ID, US",
48573,Woodstock,GA,Atlanta-Sandy Springs-Roswell,Cherokee County,411,34.101411,-84.519219,"Woodstock, GA","Woodstock, Cherokee County, GA, US",
32542,Livonia,MI,Detroit-Warren-Dearborn,Wayne County,412,42.36837,-83.35271,"Livonia, MI","Livonia, Wayne County, MI, US",
44328,Brockton,MA,Boston-Cambridge-Newton,Plymouth County,413,42.083434,-71.018379,"Brockton, MA","Brockton, Plymouth County, MA, US",
50779,Asheville,NC,Asheville,Buncombe County,414,35.60095,-82.554016,"Asheville, NC","Asheville, Buncombe County, NC, US",
53311,Midlothian,VA,Richmond,Chesterfield County,415,37.506267,-77.649268,"Midlothian, VA","Midlothian, Chesterfield County, VA, US",
45878,Indio,CA,Riverside-San Bernardino-Ontario,Riverside County,416,33.743765,-116.223315,"Indio, CA","Avenue 42, Indio, Riverside County, CA, US",
16773,Annapolis,MD,Baltimore-Columbia-Towson,Anne Arundel County,417,38.97864,-76.492786,"Annapolis, MD","Annapolis, Anne Arundel County, MD, US",
39966,New Braunfels,TX,San Antonio-New Braunfels,Comal County,418,29.702827,-98.125735,"New Braunfels, TX","New Braunfels, Comal County, TX, US",
32777,McDonough,GA,Atlanta-Sandy Springs-Roswell,Henry County,419,33.447336,-84.146862,"McDonough, GA","McDonough, Henry County, GA, US",
20776,Terre Haute,IN,Terre Haute,Vigo County,420,39.466703,-87.413912,"Terre Haute, IN","Terre Haute, Vigo County, IN, US",
16818,Ashburn,VA,Washington-Arlington-Alexandria,Loudoun County,421,39.043719,-77.48749,"Ashburn, VA","Ashburn, Loudoun County, VA, US",
41059,Sterling,VA,Washington-Arlington-Alexandria,Loudoun County,422,39.001619,-77.403201,"Sterling, VA","Sterling, Loudoun County, VA, US",
16839,Auburn,WA,Seattle-Tacoma-Bellevue,King County,423,47.307537,-122.230181,"Auburn, WA","Auburn, King County, WA, US",
12886,Muncie,IN,Muncie,Delaware County,424,40.193668,-85.386511,"Muncie, IN","Muncie, Delaware County, IN, US",
54902,Valdosta,GA,Valdosta,Lowndes County,425,30.832702,-83.278485,"Valdosta, GA","Valdosta, Lowndes County, GA, US",
50741,Apopka,FL,Orlando-Kissimmee-Sanford,Orange County,426,28.741415,-81.534429,"Apopka, FL","Apopka, Orange County, FL, US",
52747,Kennewick,WA,Kennewick-Richland,Benton County,427,46.208974,-119.1204,"Kennewick, WA","Kennewick, Benton County, WA, US",
5891,Medford,OR,Medford,Jackson County,428,42.326418,-122.87186,"Medford, OR","Medford, Jackson County, OR, US",
23444,Allen,TX,Dallas-Fort Worth-Arlington,Collin County,429,33.103174,-96.67055,"Allen, TX","Allen, Collin County, TX, US",
397180,Kalamazoo,MI,Kalamazoo-Portage,Kalamazoo County,430,42.291707,-85.587229,"Kalamazoo, MI","Kalamazoo, Kalamazoo County, MI, US",
26964,Santa Monica,CA,Los Angeles-Long Beach-Anaheim,Los Angeles County,431,46.724362,-75.559685,"Santa Monica, CA","Ferme-Neuve, Antoine-Labelle, QC, CA",
33450,Plantation,FL,Miami-Fort Lauderdale-West Palm Beach,Broward County,432,26.126526,-80.257861,"Plantation, FL","Plantation, Broward County, FL, US",
26534,Plainfield,IL,Chicago-Naperville-Elgin,Will County,433,41.623191,-88.228433,"Plainfield, IL","Plainfield, Will County, IL, US",
33058,New Bedford,MA,Providence-Warwick,Bristol County,434,41.636215,-70.934205,"New Bedford, MA","New Bedford, Bristol County, MA, US",
34780,Westminster,CA,Los Angeles-Long Beach-Anaheim,Orange County,435,42.886429,-81.239221,"Westminster, CA","Westminster, Middlesex County, ON, CA",
6696,Reading,PA,Reading,Berks County,436,40.335345,-75.927949,"Reading, PA","Reading, Berks County, PA, US",
46325,Loveland,CO,Fort Collins,Larimer County,437,40.397761,-105.07498,"Loveland, CO","Loveland, Larimer County, CO, US",
44571,Cheyenne,WY,Cheyenne,Laramie County,438,41.139981,-104.820246,"Cheyenne, WY","Cheyenne, Laramie County, WY, US",
38583,Fort Smith,AR,Fort Smith,Sebastian County,439,35.387222,-94.424898,"Fort Smith, AR","Fort Smith, Sebastian County, AR, US",
39220,Kenosha,WI,Chicago-Naperville-Elgin,Kenosha County,440,42.584677,-87.821226,"Kenosha, WI","Kenosha, Kenosha County, WI, US",
54219,Roswell,GA,Atlanta-Sandy Springs-Roswell,Fulton County,441,34.02332,-84.360022,"Roswell, GA","Roswell, Fulton County, GA, US",
32921,Monroe,LA,Monroe,Ouachita Parish,442,32.509311,-92.119301,"Monroe, LA","Monroe, Ouachita Parish, LA, US",
26319,Orem,UT,Provo-Orem,Utah County,443,40.297183,-111.694943,"Orem, UT","Orem, Utah County, UT, US",
53359,Missoula,MT,Missoula,Missoula County,444,46.87008,-113.99528,"Missoula, MT","Missoula, Missoula County, MT, US",
5924,Miami Beach,FL,Miami-Fort Lauderdale-West Palm Beach,Miami-Dade County,445,25.788144,-80.12727,"Miami Beach, FL","Miami Beach, Miami-Dade County, FL, US",
51758,Duluth,MN,Duluth,Saint Louis County,446,46.772932,-92.125122,"Duluth, MN","Duluth, Saint Louis County, MN, US",
54628,Sunrise,FL,Miami-Fort Lauderdale-West Palm Beach,Broward County,447,26.148245,-80.328886,"Sunrise, FL","Sunrise, Broward County, FL, US",
39558,Lynn,MA,Boston-Cambridge-Newton,Essex County,448,42.466763,-70.949494,"Lynn, MA","Lynn, MA, US",
397329,Holland,MI,Grand Rapids-Wyoming,Ottawa County,449,42.787602,-86.109083,"Holland, MI","Holland, Ottawa County, MI, US",
44641,Cleveland,TN,Cleveland,Bradley County,450,35.159518,-84.876611,"Cleveland, TN","Cleveland, Bradley County, TN, US",
41715,Williamsburg,VA,Virginia Beach-Norfolk-Newport News,James City County,451,37.270879,-76.707404,"Williamsburg, VA","Williamsburg, VA, US",
39398,Lees Summit,MO,Kansas City,Jackson County,452,38.910716,-94.382129,"Lees Summit, MO","Lee's Summit, Jackson County, MO, US",
30236,Appleton,WI,Appleton,Outagamie County,453,44.261134,-88.40676,"Appleton, WI","Appleton, Outagamie County, WI, US",
53569,Newnan,GA,Atlanta-Sandy Springs-Roswell,Coweta County,454,33.380672,-84.799657,"Newnan, GA","Newnan, Coweta County, GA, US",
46500,Menifee,CA,Riverside-San Bernardino-Ontario,Riverside County,455,33.686443,-117.177044,"Menifee, CA","Menifee, Riverside County, CA, US",
40737,San Marcos,CA,San Diego-Carlsbad,San Diego County,456,33.143372,-117.166145,"San Marcos, CA","San Marcos, San Diego County, CA, US",
16425,Acworth,GA,Atlanta-Sandy Springs-Roswell,Cobb County,457,34.065933,-84.67688,"Acworth, GA","Acworth, Cobb County, GA, US",
10700,Canton,MI,Detroit-Warren-Dearborn,Wayne County,458,42.308081,-83.486868,"Canton, MI","Canton, Wayne County, MI, US",
38968,Herndon,VA,Washington-Arlington-Alexandria,Fairfax County,459,38.969532,-77.385948,"Herndon, VA","Herndon, Fairfax County, VA, US",
8814,Queen Creek,AZ,Phoenix-Mesa-Scottsdale,Pinal County,460,33.248386,-111.634158,"Queen Creek, AZ","Queen Creek, Maricopa County, AZ, US",
38047,Covington,GA,Atlanta-Sandy Springs-Roswell,Newton County,461,33.596782,-83.860183,"Covington, GA","Covington, Newton County, GA, US",
17309,Carmel,IN,Indianapolis-Carmel-Anderson,Hamilton County,462,39.978838,-86.118731,"Carmel, IN","Carmel, Hamilton County, IN, US",
54294,San Angelo,TX,San Angelo,Tom Green County,463,31.464836,-100.439844,"San Angelo, TX","San Angelo, Tom Green County, TX, US",
52387,Hamilton Township,NJ,Trenton,Mercer County,464,40.204163,-74.679324,"Hamilton Township, NJ","Hamilton Township, Mercer County, NJ, US",
34312,Tonawanda,NY,Buffalo-Cheektowaga-Niagara Falls,Erie County,465,43.020679,-78.878383,"Tonawanda, NY","Tonawanda, Erie County, NY, US",
3761,Bothell,WA,Seattle-Tacoma-Bellevue,Snohomish County,466,47.75987,-122.206829,"Bothell, WA","Bothell, King County, WA, US",
40013,Newton,MA,Boston-Cambridge-Newton,Middlesex County,467,42.337041,-71.209221,"Newton, MA","Newton, Middlesex County, MA, US",
27768,Warner Robins,GA,Warner Robins,Houston County,468,32.598313,-83.625677,"Warner Robins, GA","Warner Robins, Houston County, GA, US",
31567,Flagstaff,AZ,Flagstaff,Coconino County,469,35.199458,-111.651426,"Flagstaff, AZ","Flagstaff, Coconino County, AZ, US",
44583,Chino,CA,Riverside-San Bernardino-Ontario,San Bernardino County,470,34.013356,-117.690075,"Chino, CA","Chino, San Bernardino County, CA, US",
38581,Fort Pierce,FL,Port St. Lucie,Saint Lucie County,471,27.446706,-80.325606,"Fort Pierce, FL","Fort Pierce, St. Lucie County, FL, US",
20128,Redwood City,CA,San Francisco-Oakland-Hayward,San Mateo County,472,37.486324,-122.232523,"Redwood City, CA","Redwood City, San Mateo County, CA, US",
52839,Lafayette,IN,Lafayette-West Lafayette,Tippecanoe County,473,40.416702,-86.875287,"Lafayette, IN","Lafayette, Tippecanoe County, IN, US",
32471,Leesburg,VA,Washington-Arlington-Alexandria,Loudoun County,474,39.11545,-77.564545,"Leesburg, VA","Leesburg, Loudoun County, VA, US",
40355,Pittsburg,CA,San Francisco-Oakland-Hayward,Contra Costa County,475,38.018175,-121.890123,"Pittsburg, CA","Pittsburg, Contra Costa County, CA, US",
45417,Georgetown,TX,Austin-Round Rock,Williamson County,476,30.698202,-97.723017,"Georgetown, TX","Georgetown, Williamson County, TX, US",
31525,Fall River,MA,Providence-Warwick,Bristol County,477,41.701064,-71.154637,"Fall River, MA","Fall River, Bristol County, MA, US",
51757,Duluth,GA,Atlanta-Sandy Springs-Roswell,Gwinnett County,478,34.002857,-84.144105,"Duluth, GA","Duluth, Gwinnett County, GA, US",
24339,Decatur,IL,Decatur,Macon County,479,39.845416,-88.952415,"Decatur, IL","Decatur, Macon County, IL, US",
33334,Parker,CO,Denver-Aurora-Lakewood,Douglas County,480,39.518451,-104.761264,"Parker, CO","Parker, Douglas County, CO, US",
53571,Newport Beach,CA,Los Angeles-Long Beach-Anaheim,Orange County,481,53.4443,-113.403764,"Newport Beach, CA","Edmonton, AB, CA",
396020,Arden-Arcade,CA,Sacramento--Roseville--Arden-Arcade,Sacramento County,482,39.78373,-100.445882,"Arden-Arcade, CA",US,
33031,Nashua,NH,Manchester-Nashua,Hillsborough County,483,42.765366,-71.467566,"Nashua, NH","Nashua, Hillsborough County, NH, US",
41109,Suffolk,VA,Virginia Beach-Norfolk-Newport News,Suffolk City,484,36.72821,-76.58357,"Suffolk, VA","Suffolk, VA, US",
54089,Redmond,WA,Seattle-Tacoma-Bellevue,King County,485,47.669414,-122.123877,"Redmond, WA","Redmond, King County, WA, US",
23742,Bloomington,IL,Bloomington,McLean County,486,40.473107,-88.99414,"Bloomington, IL","Bloomington, McLean County, IL, US",
27491,Tustin,CA,Los Angeles-Long Beach-Anaheim,Orange County,487,33.745851,-117.826166,"Tustin, CA","Tustin, Orange County, CA, US",
51414,Citrus Heights,CA,Sacramento--Roseville--Arden-Arcade,Sacramento County,488,38.707125,-121.281061,"Citrus Heights, CA","Citrus Heights, Sacramento County, CA, US",
45449,Glen Burnie,MD,Baltimore-Columbia-Towson,Anne Arundel County,489,39.16263,-76.625076,"Glen Burnie, MD","Glen Burnie, Anne Arundel County, MD, US",
41587,Waukegan,IL,Chicago-Naperville-Elgin,Lake County,490,42.363633,-87.844794,"Waukegan, IL","Waukegan, Lake County, IL, US",
47080,Pflugerville,TX,Austin-Round Rock,Travis County,491,30.43937,-97.620004,"Pflugerville, TX","Pflugerville, Travis County, TX, US",
30552,Bowie,MD,Washington-Arlington-Alexandria,Prince Georges County,492,38.942966,-76.731234,"Bowie, MD","Bowie, Prince George's County, MD, US",
34637,Walnut Creek,CA,San Francisco-Oakland-Hayward,Contra Costa County,493,60.761468,-135.121181,"Walnut Creek, CA","Walnut Crescent, Whitehorse, Yukon, CA",
53100,Macomb,MI,Detroit-Warren-Dearborn,Macomb County,494,42.674119,-82.902901,"Macomb, MI","Macomb County, MI, US",
31543,Fayetteville,AR,Fayetteville-Springdale-Rogers,Washington County,495,36.062584,-94.157433,"Fayetteville, AR","Fayetteville, Washington County, AR, US",
10451,Bloomington,MN,Minneapolis-St. Paul-Bloomington,Hennepin County,496,44.832241,-93.320487,"Bloomington, MN","Bloomington, Hennepin County, MN, US",
54428,Sioux City,IA,Sioux City,Woodbury County,497,42.496682,-96.405878,"Sioux City, IA","Sioux City, Woodbury County, IA, US",
10608,Buena Park,CA,Los Angeles-Long Beach-Anaheim,Orange County,498,33.870413,-117.996216,"Buena Park, CA","Buena Park, Orange County, CA, US",
32563,Longmont,CO,Boulder,Boulder County,499,40.167212,-105.101929,"Longmont, CO","Longmont, Boulder County, CO, US",
5291,Iowa City,IA,Iowa City,Johnson County,500,41.661256,-91.529911,"Iowa City, IA","Iowa City, Johnson County, IA, US",